label,x_center,y_center,width,height,distance,frame
diavolito,0.621194,0.784375,0.0386417,0.147917,0.210696193,208
altissio,0.362998,0.51875,0.145199,0.154167,0.37043463,208
lid,0.547424,0.808333,0.106557,0.1875,0.343323846,208
voltesso,0.820258,0.814583,0.0901639,0.133333,0.272905577,208
voltesso,0.933255,0.834375,0.088993,0.110417,0.114717241,208
bianco,0.199063,0.402083,0.17096,0.258333,0.852006025,208
lid,0.710773,0.759375,0.103044,0.189583,0.624103114,208
alto_dolce,0.458431,0.672917,0.111241,0.179167,0.26674233,208
